key,num
agent,19
ba模型,20
sirs模型,18
sir模型,24
“一带一路”,19
中国,22
中心性,31
互信息,16
交通工程,32
交通网络,20
产业关联,15
产业集群,20
介数,34
仿真,65
传播,18
传播动力学,25
传播模型,24
作战体系,20
供应链,20
供应链网络,19
信息传播,41
信息熵,15
免疫策略,15
公交网络,20
关联规则,17
关键节点,45
分形,17
分形维数,15
创新扩散,15
创新网络,16
加权复杂网络,24
加权网络,59
动态演化,15
可视化,25
可靠性,37
同步,84
国际贸易,18
图论,27
城市交通,33
城市群,17
城市轨道交通,26
复杂产品,21
复杂动态网络,37
复杂性,35
复杂系统,53
复杂网络,3562
复杂网络分析,65
复杂网络模型,21
复杂网络理论,151
复杂网络系统,17
多层网络,15
多属性决策,18
大数据,53
小世界,65
小世界效应,25
小世界特性,15
小世界网络,93
局域世界,22
层次结构,15
幂律,15
幂律分布,62
平均路径长度,16
度,20
度分布,88
建模,20
微博,23
抗毁性,99
拓扑,17
拓扑结构,122
攻击策略,26
故障诊断,31
数据挖掘,96
无尺度,19
无尺度网络,18
无标度,68
无标度特性,23
无标度网络,118
无线传感器网络,21
时滞,34
时间序列,27
智能电网,15
最小生成树,18
最短路径,27
机器学习,23
标签传播,24
模块度,65
模型,21
深度学习,19
混沌,18
混沌同步,20
演化,37
演化博弈,31
演化模型,52
牵制控制,26
用药规律,54
电力系统,37
病毒传播,27
相似度,25
相依网络,15
相继故障,20
知识传播,15
知识网络,23
社交网络,58
社会网络,62
社会网络分析,45
社区划分,25
社区发现,128
社区挖掘,15
社区检测,21
社区结构,41
社团划分,31
社团发现,48
社团结构,159
神经网络,24
稳定性,48
空间结构,15
系统性风险,26
级联失效,86
级联故障,22
结构洞,24
网络,27
网络分析,23
网络拓扑,28
网络效率,30
网络模型,29
网络演化,30
网络科学,24
网络结构,71
网络舆情,23
聚类,33
聚类分析,21
聚类系数,40
聚集系数,22
股票市场,21
脆弱性,91
脑功能网络,16
自适应控制,20
航空网络,17
节点中心性,15
节点度,15
节点影响力,23
节点重要度,43
节点重要性,81
谣言传播,15
谱聚类,16
贝叶斯网络,26
超图,27
超网络,51
路由策略,20
软件网络,16
连通性,23
连锁故障,48
遗传算法,28
配伍规律,15
重叠社区,47
重叠社区发现,17
链接预测,21
链路预测,98
随机游走,23
随机网络,16
预测,16
风险传染,20
风险评估,29
鲁棒性,124
